<?xml version="1.0" encoding="UTF-8"?>
<project-private xmlns="http://www.netbeans.org/ns/project-private/1">
    <editor-bookmarks xmlns="http://www.netbeans.org/ns/editor-bookmarks/2" lastBookmarkId="0"/>
    <open-files xmlns="http://www.netbeans.org/ns/projectui-open-files/2">
        <group>
            <file>file:/C:/Users/braya/OneDrive/Documentos/NetBeansProjects/JLMoreno/src/Interfaz.java</file>
            <file>file:/C:/Users/braya/OneDrive/Documentos/NetBeansProjects/JLMoreno/src/Producto.java</file>
            <file>file:/C:/Users/braya/OneDrive/Documentos/NetBeansProjects/JLMoreno/src/ArrayFiltro.java</file>
            <file>file:/C:/Users/braya/OneDrive/Documentos/NetBeansProjects/JLMoreno/src/ArrayAceite.java</file>
            <file>file:/C:/Users/braya/OneDrive/Documentos/NetBeansProjects/JLMoreno/src/Filtro.java</file>
            <file>file:/C:/Users/braya/OneDrive/Documentos/NetBeansProjects/JLMoreno/src/Aceite.java</file>
        </group>
    </open-files>
</project-private>
